Model,Yıl,Fiyat,Konum
BMW 3 Serisi 316i Standart,1990,505.000 TL,AnkaraEtimesgut
BMW 5 Serisi 520i Executive,2013,1.145.000 TL,AnkaraAltındağ
BMW 5 Serisi 520i Standart,1998,437.000 TL,AnkaraAltındağ
BMW 5 Serisi 520i M Sport,2023,3.425.000 TL,AnkaraAkyurt
BMW 3 Serisi 320d M Sport,2012,1.450.000 TL,AnkaraYenimahalle
BMW 1 Serisi 116i M Sport,2009,740.000 TL,AnkaraEtimesgut
BMW 5 Serisi 525d xDrive Comfort,2012,1.750.000 TL,AnkaraGölbaşı
BMW 5 Serisi 520i Standart,1998,510.000 TL,AnkaraÇankaya
BMW 5 Serisi 520i Comfort,2013,1.490.000 TL,AnkaraÇankaya
BMW 1 Serisi 118i M Sport,2023,1.950.000 TL,AnkaraÇankaya
BMW 5 Serisi 525d xDrive Comfort,2015,1.425.000 TL,AnkaraEtimesgut
BMW 3 Serisi 316i Sport Line,2012,1.169.088 TL,AnkaraAltındağ
BMW 1 Serisi 116i Premium,2011,710.000 TL,AnkaraEtimesgut
BMW 3 Serisi 320i First Edition M Sport,2019,1.950.000 TL,AnkaraÇankaya
BMW 5 Serisi 520i Premium,2016,1.680.000 TL,AnkaraEtimesgut
BMW 3 Serisi 320i,1998,430.000 TL,AnkaraKeçiören
BMW 3 Serisi 320i,1998,950.000 TL,AnkaraKeçiören
BMW 3 Serisi 320i,2007,499.999 TL,AnkaraAkyurt
BMW 1 Serisi 116i Joy Edition,2013,910.000 TL,AnkaraÇankaya
BMW 3 Serisi 320Ci,2000,670.000 TL,AnkaraMamak
BMW 5 Serisi 520d Premium,2012,1.720.000 TL,AnkaraAkyurt
BMW 3 Serisi 320d M Sport,2013,1.495.000 TL,AnkaraEtimesgut
BMW 3 Serisi 318i Standart,2001,494.000 TL,AnkaraÇubuk
BMW 3 Serisi 320d M Sport,2012,1.290.000 TL,AnkaraÇubuk
BMW 3 Serisi 316i Standart,2011,760.000 TL,AnkaraÇankaya
BMW 3 Serisi 316i M Sport,2013,1.150.000 TL,AnkaraAkyurt
BMW 3 Serisi 316i Standart,2008,650.000 TL,AnkaraÇankaya
BMW 3 Serisi 320i,2000,550.000 TL,AnkaraAltındağ
BMW 1 Serisi 118i One Edition,2016,905.000 TL,AnkaraEtimesgut
BMW 3 Serisi 320d Premium,2008,850.000 TL,AnkaraÇankaya
BMW 3 Serisi 320i ED Modern Line Plus,2014,1.199.000 TL,AnkaraEtimesgut
BMW 3 Serisi 320i First Edition M Sport,2019,2.399.000 TL,AnkaraEtimesgut
BMW 3 Serisi 318i Standart,1999,400.000 TL,AnkaraKeçiören
BMW 3 Serisi 325Ci,2001,1.099.999 TL,AnkaraYenimahalle
BMW 5 Serisi 523i Standart,1998,450.000 TL,AnkaraEtimesgut
BMW 3 Serisi 318i Edition Luxury Line,2018,1.687.250 TL,AnkaraYenimahalle
BMW 3 Serisi 320d Luxury,2013,1.200.000 TL,AnkaraMamak
BMW 3 Serisi 316Ci,2004,599.900 TL,AnkaraAkyurt
BMW 3 Serisi 320d Standart,2010,617.500 TL,AnkaraAkyurt
BMW 3 Serisi 320i First Edition M Sport,2019,2.179.000 TL,AnkaraPursaklar
BMW 3 Serisi 320i ED 40th Year Edition,2015,1.378.750 TL,AnkaraKeçiören
BMW 5 Serisi 520i Comfort,2015,1.950.000 TL,AnkaraÇankaya
BMW 3 Serisi 320d Premium,2006,675.000 TL,AnkaraÇankaya
BMW 4 Serisi 420d M Sport,2014,2.550.000 TL,AnkaraSincan
BMW 7 Serisi 730d Standart,2003,915.000 TL,AnkaraKeçiören
BMW 5 Serisi 520i Premium,2015,1.385.000 TL,AnkaraAkyurt
BMW 5 Serisi 525d xDrive M Sport,2013,1.675.000 TL,AnkaraAkyurt
BMW 7 Serisi 730i M Sport,2016,3.590.000 TL,AnkaraAkyurt
BMW 3 Serisi 320i First Edition Sport Line,2021,1.959.900 TL,AnkaraAkyurt
BMW 3 Serisi 320i First Edition Sport Line,2021,1.949.900 TL,AnkaraAkyurt
BMW 3 Serisi 320i First Edition Sport Line,2021,1.899.900 TL,AnkaraAkyurt
BMW 3 Serisi 320i First Edition Sport Line,2022,2.199.900 TL,AnkaraAkyurt
BMW 5 Serisi 525d xDrive Premium,2015,1.869.900 TL,AnkaraAkyurt
BMW 5 Serisi 520i Executive,2016,1.449.900 TL,AnkaraAkyurt
BMW 4 Serisi 418i Gran Coupe Prestige,2016,1.725.000 TL,AnkaraÇankaya
BMW 5 Serisi 520i Luxury Line,2021,2.470.000 TL,AnkaraÇankaya
BMW 1 Serisi 116d Joy,2015,1.085.000 TL,AnkaraÇankaya
BMW 1 Serisi 116d Joy,2015,1.090.000 TL,AnkaraMamak
BMW 4 Serisi 420d xDrive Gran Coupe Modern Line,2014,1.650.000 TL,AnkaraYenimahalle
BMW 5 Serisi 525d xDrive M Sport,2012,1.200.000 TL,AnkaraAkyurt
BMW 5 Serisi 520i Special Edition Luxury,2021,2.589.000 TL,AnkaraEtimesgut
BMW 3 Serisi 320d xDrive Edition M Sport,2017,1.750.000 TL,AnkaraPursaklar
BMW 2 Serisi 218i Gran Coupe First Edition Sport Line,2020,1.685.500 TL,AnkaraÇankaya
BMW 3 Serisi 320i,2011,1.250.000 TL,AnkaraYenimahalle
BMW 1 Serisi 118i Pure,2017,990.000 TL,AnkaraYenimahalle
BMW 5 Serisi 520d Premium,2011,1.500.000 TL,AnkaraAkyurt
BMW 5 Serisi 520i Premium,2015,1.593.000 TL,AnkaraYenimahalle
BMW 1 Serisi 116i M Sport,2008,617.500 TL,AnkaraÇankaya
BMW 3 Serisi 320d Standart,2010,602.750 TL,AnkaraMamak
BMW 3 Serisi 320i Cabrio,1997,1.775.000 TL,AnkaraÇankaya
BMW 5 Serisi 520d Sport,2007,875.000 TL,AnkaraKahramankazan
BMW 3 Serisi 320i,2019,485.000 TL,AnkaraKahramankazan
BMW 3 Serisi 316i M Sport,2014,1.300.000 TL,AnkaraKahramankazan
BMW 5 Serisi 520i Special Edition M Sport,2021,3.030.000 TL,AnkaraSincan
BMW 3 Serisi 320d Premium Line,2018,1.658.750 TL,AnkaraÇankaya
BMW 3 Serisi 320i Premium,2006,599.000 TL,AnkaraSincan
BMW 3 Serisi 320d Comfort,2010,730.000 TL,AnkaraYenimahalle
BMW 5 Serisi 530i Standart,2001,528.000 TL,AnkaraKeçiören
BMW 3 Serisi 320d Touring,2008,930.000 TL,AnkaraPursaklar
BMW 5 Serisi 520d Premium,2011,1.065.000 TL,AnkaraÇankaya
BMW 1 Serisi 116i Urban Line,2012,749.000 TL,AnkaraÇankaya
BMW 5 Serisi 520i Executive M Sport,2020,2.990.000 TL,AnkaraÇankaya
BMW M Serisi M5,2013,3.249.000 TL,AnkaraKeçiören
BMW 5 Serisi 540i Standart,2001,1.111.000 TL,AnkaraKeçiören
BMW 5 Serisi 530i xDrive Executive M,2017,2.680.000 TL,AnkaraÇankaya
BMW 3 Serisi 320i,2006,675.000 TL,AnkaraKeçiören
BMW 3 Serisi 320i ED Modern Line,2013,1.250.000 TL,AnkaraAltındağ
BMW 5 Serisi 520i Prestige,2017,2.250.000 TL,AnkaraAltındağ
BMW 3 Serisi 318i Edition Sport Line,2017,1.485.000 TL,AnkaraMamak
BMW 5 Serisi 525d xDrive Premium,2013,1.379.000 TL,AnkaraKeçiören
BMW 1 Serisi 118i M Plus,2015,1.037.500 TL,AnkaraÇankaya
BMW 3 Serisi 316i M Sport,2014,925.000 TL,AnkaraÇankaya
BMW 3 Serisi 320i ED Luxury Line,2014,1.400.000 TL,AnkaraÇankaya
BMW 3 Serisi 320i ED 40th Year Edition,2016,1.555.000 TL,AnkaraÇankaya
BMW 1 Serisi 116d First Edition Sport Line,2020,1.450.000 TL,AnkaraYenimahalle
BMW 3 Serisi 320i ED M Plus,2014,1.350.000 TL,AnkaraÇankaya
BMW 1 Serisi 116i Advantage,2006,580.000 TL,AnkaraSincan
BMW 5 Serisi 525d xDrive M Sport,2012,1.285.000 TL,AnkaraKeçiören
BMW 3 Serisi 318i Standart,1999,486.000 TL,AnkaraMamak
BMW 5 Serisi 520i Comfort,2013,1.308.000 TL,AnkaraYenimahalle
BMW 5 Serisi 520i Premium,2014,1.358.000 TL,AnkaraYenimahalle
BMW 3 Serisi 320i ED Luxury Line Plus,2015,1.488.000 TL,AnkaraYenimahalle
BMW 5 Serisi 520d Standart,2010,980.000 TL,AnkaraEtimesgut
BMW 5 Serisi 520i Premium,2015,1.350.000 TL,AnkaraEtimesgut
BMW 3 Serisi 320d M Sport,2009,909.750 TL,AnkaraÇankaya
BMW 3 Serisi 316i M Sport,2015,1.215.750 TL,AnkaraÇankaya
BMW 3 Serisi 320i ED 40th Year Edition,2016,1.950.000 TL,AnkaraSincan
BMW 3 Serisi 320i ED 40th Year Edition,2016,1.915.000 TL,AnkaraYenimahalle
BMW 5 Serisi 520i Special Edition M Sport,2021,3.175.000 TL,AnkaraYenimahalle
BMW 5 Serisi 530xd Standart,2007,950.000 TL,AnkaraSincan
BMW 3 Serisi 320i ED Standart,2014,1.300.000 TL,AnkaraYenimahalle
BMW 3 Serisi 320d Standart,2010,643.000 TL,AnkaraMamak
BMW 3 Serisi 320d xDrive M Sport,2014,1.210.000 TL,AnkaraEtimesgut
BMW 5 Serisi 520i Luxury Line,2017,2.220.000 TL,AnkaraEtimesgut
BMW 3 Serisi 320i Edition M Sport,2023,3.445.000 TL,AnkaraEtimesgut
BMW 5 Serisi 520i Standart,2000,535.000 TL,AnkaraEtimesgut
BMW 3 Serisi 320i,1993,359.999 TL,AnkaraYenimahalle
BMW 3 Serisi 320i,1997,459.000 TL,AnkaraYenimahalle
BMW 3 Serisi 320i ED M Plus,2013,1.169.000 TL,AnkaraMamak
BMW 4 Serisi 420d M Sport,2015,2.595.000 TL,AnkaraMamak
BMW 3 Serisi 320i ED M Plus,2014,1.365.000 TL,AnkaraMamak
BMW 3 Serisi 320i ED 40th Year Edition,2016,1.665.000 TL,AnkaraMamak
BMW 4 Serisi 420d M Sport,2015,2.585.000 TL,AnkaraMamak
BMW 3 Serisi 320i ED M Plus,2015,1.428.000 TL,AnkaraMamak
BMW 5 Serisi 520i Standart,1990,290.000 TL,AnkaraÇankaya
BMW 3 Serisi 320i ED M Plus,2014,1.295.000 TL,AnkaraMamak
BMW 3 Serisi 320i ED M Plus,2015,1.325.000 TL,AnkaraMamak
BMW 4 Serisi 428i M Sport,2014,2.485.000 TL,AnkaraMamak
BMW 5 Serisi 520i Executive,2016,1.950.000 TL,AnkaraYenimahalle
BMW 3 Serisi 320i Edition M Sport,2023,3.250.000 TL,AnkaraÇankaya
BMW 2 Serisi 218i Gran Coupe First Edition Sport Line,2021,1.530.000 TL,AnkaraGölbaşı
BMW 3 Serisi 320d Sport Line,2013,1.280.000 TL,AnkaraEtimesgut
BMW 3 Serisi 320i ED Sport Line,2015,1.350.000 TL,AnkaraKeçiören
BMW 3 Serisi 318i Edition M Sport,2018,1.695.000 TL,AnkaraEtimesgut
BMW 3 Serisi 320i First Edition M Sport,2019,2.250.000 TL,AnkaraYenimahalle
BMW 5 Serisi 520i Executive,2016,1.395.000 TL,AnkaraYenimahalle
BMW 3 Serisi 316i M Sport,2014,1.585.000 TL,AnkaraYenimahalle
BMW 5 Serisi 520i Luxury Line,2017,2.280.000 TL,AnkaraEtimesgut
BMW 3 Serisi 320d xDrive M Sport,2014,1.269.000 TL,AnkaraEtimesgut
BMW 5 Serisi 520i Luxury Line,2017,2.280.000 TL,AnkaraEtimesgut
BMW M Serisi M5,2008,5.150.000 TL,AnkaraEtimesgut
BMW 6 Serisi 640d xDrive M Sport,2015,3.250.000 TL,AnkaraYenimahalle
BMW 1 Serisi 116d ED EfficientDynamics,2014,920.000 TL,AnkaraYenimahalle
BMW 3 Serisi 320i,1998,575.000 TL,AnkaraEtimesgut
BMW 3 Serisi 320i,1998,625.000 TL,AnkaraSincan
BMW 5 Serisi 520d M Sport,2011,1.140.000 TL,AnkaraAltındağ
BMW 5 Serisi 525d xDrive M Sport,2012,1.300.000 TL,AnkaraAltındağ
BMW 3 Serisi 320Cd,2006,1.065.000 TL,AnkaraYenimahalle
BMW 3 Serisi 320i,1997,575.000 TL,AnkaraKeçiören
BMW 3 Serisi 320d M Sport,2011,855.000 TL,AnkaraÇankaya
BMW 1 Serisi 116i Urban Line,2012,845.000 TL,AnkaraAkyurt
BMW 3 Serisi 320i ED Luxury Line Plus,2015,1.265.000 TL,AnkaraAkyurt
BMW 5 Serisi 520i M Sport,2015,1.495.000 TL,AnkaraAkyurt
BMW 3 Serisi 320i ED Sport Line,2015,1.245.000 TL,AnkaraYenimahalle
BMW 3 Serisi 316i Comfort,2011,765.000 TL,AnkaraAkyurt
BMW 5 Serisi 535d xDrive Comfort,2012,1.850.000 TL,AnkaraYenimahalle
BMW 3 Serisi 316,1986,1.250.000 TL,AnkaraYenimahalle
BMW 1 Serisi 116i Sport Line,2012,865.000 TL,AnkaraYenimahalle
BMW 1 Serisi 118i Premium,2008,725.000 TL,AnkaraÇankaya
BMW 4 Serisi 418i Gran Coupe Prestige,2015,1.369.750 TL,AnkaraÇankaya
BMW 5 Serisi 520i Comfort,2015,1.335.000 TL,AnkaraÇankaya
BMW 3 Serisi 320d Premium,2008,730.000 TL,AnkaraYenimahalle
BMW 3 Serisi 320i,2001,630.000 TL,AnkaraÇankaya
BMW 3 Serisi 316i M Sport,2014,1.187.250 TL,AnkaraYenimahalle
BMW 1 Serisi 116d ED EfficientDynamics,2012,720.000 TL,AnkaraYenimahalle
BMW 4 Serisi 418i M Sport,2016,1.575.000 TL,AnkaraYenimahalle
BMW 1 Serisi 116i Standart,2008,665.000 TL,AnkaraYenimahalle
BMW 3 Serisi 320i,2009,790.000 TL,AnkaraKeçiören
BMW 3 Serisi 318i Standart,1999,445.000 TL,AnkaraAltındağ
BMW 3 Serisi 320d Sport Line,2013,900.000 TL,AnkaraAltındağ
BMW 3 Serisi 320i Premium,2007,900.000 TL,AnkaraKeçiören
BMW 3 Serisi 316i M Sport,2014,1.219.000 TL,AnkaraAkyurt
BMW 1 Serisi 116i Premium,2011,760.000 TL,AnkaraKeçiören
BMW 3 Serisi 316i Standart,2006,599.000 TL,AnkaraAltındağ
BMW 3 Serisi 316i Standart,2001,389.000 TL,AnkaraGölbaşı
BMW 3 Serisi 316i M Sport,2014,1.480.000 TL,AnkaraKeçiören
BMW 5 Serisi 520d Comfort,2011,1.505.044 TL,AnkaraAltındağ
BMW 3 Serisi 320i ED Modern Line,2013,1.200.000 TL,AnkaraKeçiören
BMW 3 Serisi 328i Standart,1998,450.000 TL,AnkaraYenimahalle
BMW 5 Serisi 530i Standart,2001,640.000 TL,AnkaraEtimesgut
